Month,CancellationLines,CancellationInvoices,CancellationValueGBP
2009-12-01,1013,401,25835.45
2010-01-01,686,300,28675.61
2010-02-01,575,240,20986.5
2010-03-01,841,407,67668.02
2010-04-01,626,304,37354.2
2010-05-01,981,407,44434.78
2010-06-01,790,357,72463.44
2010-07-01,734,344,31444.79
2010-08-01,571,273,40477.52
2010-09-01,807,371,70591.03
2010-10-01,1037,476,81290.74
2010-11-01,1192,576,47595.94
2010-12-01,719,326,74729.12
2011-01-01,700,260,131363.05000000002
2011-02-01,470,219,25519.15
2011-03-01,696,318,34201.28
2011-04-01,558,240,44600.65
2011-05-01,621,314,47202.51
2011-06-01,709,329,70569.78
2011-07-01,684,270,37919.13
2011-08-01,667,278,54330.8
2011-09-01,801,333,38838.51
2011-10-01,1194,362,81895.5
2011-11-01,1073,441,47720.979999999996
2011-12-01,359,146,205089.27000000002
