Month,RecordedSalesGBP,Orders,Units,IdentifiedCustomers,LineItems,AverageOrderValueGBP
2009-12-01,822483.95,1682,425461,955,43453,488.99164684898926
2010-01-01,651155.112,1105,390672,720,30317,589.2806443438914
2010-02-01,551504.726,1201,381879,772,27952,459.2046011656953
2010-03-01,830915.261,1681,526026,1057,39841,494.29819214753127
2010-04-01,678875.252,1462,366705,942,32858,464.34695759233927
2010-05-01,657705.5,1500,395868,966,33383,438.4703333333333
2010-06-01,749537.31,1645,406820,1041,38391,455.64578115501524
2010-07-01,648810.27,1529,337895,928,32112,424.33634401569657
2010-08-01,695251.91,1425,472380,911,32109,487.8960771929825
2010-09-01,921696.991,1839,583864,1145,40630,501.1946661228929
2010-10-01,1161902.22,2301,619996,1497,56953,504.955332464146
2010-11-01,1464293.142,2747,725161,1607,75035,533.0517444484892
2010-12-01,821452.73,1559,358019,885,40991,526.9100256574727
2011-01-01,689811.61,1086,387099,741,34060,635.1856445672191
2011-02-01,522545.56,1100,282934,758,26882,475.0414181818182
2011-03-01,716215.26,1454,376599,974,35497,492.58270976616234
2011-04-01,536968.491,1246,307953,856,28882,430.9538451043339
2011-05-01,769296.61,1681,395001,1056,35917,457.642242712671
2011-06-01,760547.01,1533,388511,991,35716,496.116771037182
2011-07-01,718076.121,1475,399693,949,38395,486.8312684745763
2011-08-01,757841.38,1361,421020,935,34264,556.8268772961059
2011-09-01,1056435.192,1837,569573,1266,48900,575.0872030484486
2011-10-01,1151263.73,2040,621029,1364,58537,564.3449656862745
2011-11-01,1503866.78,2769,751377,1664,82004,543.1082629107981
2011-12-01,637808.33,819,313613,615,24834,778.7647496947496
